insert into NURSE(nurse_name,nurse_id,nurse_level)
VALUES 
('Phoebe Carroll',	334, 5),
('Kiera Clark',	335, 5),
('Amelia George',	336, 5),
('Ella Parry',	337, 5),
('Aaliyah Gardiner',	338, 5),
('Isaac Fowler',	339, 5),
('William Fletcher',	340, 5),
('Joel Nurmela',	341, 5),
('Auli Karhu',	342, 5),
('Paavo Larnia',	343, 5),
('Melissa Brownlock',	344, 5),
('Lily Bunce',	345, 5),
('Cinthia Garza',	346, 6),
('Nurit Casares',	347, 6),
('Iris Lundberg',	348, 6),
('Samira Andersson',	349, 6),
('Elis Lund',	350, 6),
('Christian Vance',	351, 6),
('Lara Coungeau',	352, 6),
('Milla Kwok',	353, 6),
('Kayla Langton',	354, 5),
('Isabel Steinfeld',	355, 5),
('Tyler Bayles',	356, 5);

 
 update NURSE set IS_STUDENT_TRAINEE_INVOLVED=false where nurse_id in (334, 335, 336, 337, 338, 339, 340, 341, 342, 343, 344);
 update nurse set is_student_trainee_involved=true where nurse_id in (345, 346, 347, 348, 349, 350, 351, 352, 353, 354, 355, 356);


-- Inserting Data into DOCTOR table
insert into DOCTOR(DOCTOR_NAME,DOCTOR_ID,DOCTOR_SPECIAL)
values
('Ali Huffer',	7842,	'Pulmonologist'),
('Zane Dixon',	8574,	'Surgeon'),
('Dylan Robinson',	7463,	'Cardiologist'),
('Lily Allison',	4326,	'Dermatologist'),
('Ruby Bayly',	8755,	'Haematologist'),
('Natalie Cartwright',	4633,	'Gastrologist'),
('Claudia Shuster',	9486,	'Gastrologist'),
('Christin Nagel',	8548,	'Haematologist'),
('Matthias Ostermann',	6643,	'Dermatologist'),
('Michael Cole',	1264,	'Pulmonologist'),
('Dennis Loewe',	1930,	'Haematologist'),
('Nicole Mayer',	5376,	'Cardiologist'),
('Aksel Pettersen',	3664,	'Surgeon'),
('Adam Landa',	7247,	'Surgeon'),
('Viktor Eriksen',	9968,	'Surgeon'),
('Rakel Holm',	8837,	'Surgeon'),
('Angela Kruglova',	3526,	'Haematologist'),
('Chloe Forster',	6204,	'Pulmonologist'),
('Zachary Carter',	7038,	'Pulmonologist'),
('Kieran Quinn',	4005,	'Dermatologist'),
('Nicholas Potts',	2636,	'Cardiologist')
;

INSERT INTO 
WARDS (bed_no, room_type, ward_name, ward_type)
VALUES
('S-1',	'Bay',	'Nightingale Ward',	'General surgery'),
('S-2',	'Bay',	'Nightingale Ward',	'General surgery'),
('S-3',	'Bay',	'Nightingale Ward',	'General surgery'),
('S-4',	'Bay',	'Nightingale Ward',	'General surgery'),
('S-5',	'Bay',	'Nightingale Ward',	'General surgery'),
('S-6',	'Bay',	'Nightingale Ward',	'General surgery'),
('S-7',	'Bay',	'Nightingale Ward',	'General surgery'),
('S-8',	'Bay',	'Nightingale Ward',	'General surgery'),
('R-1',	'Cubicle',	'Fox Ward',	'Respiratory'),
('R-2',	'Bay',	'Fox Ward',	'Respiratory'),
('R-3',	'Bay',	'Fox Ward',	'Respiratory'),
('R-4',	'Bay',	'Fox Ward',	'Respiratory'),
('R-5',	'Bay',	'Fox Ward',	'Respiratory'),
('R-6',	'Cubicle',	'Fox Ward',	'Respiratory'),
('R-7',	'Cubicle',	'Fox Ward',	'Respiratory'),
('R-8',	'Cubicle',	'Fox Ward',	'Respiratory'),
('R-9',	'Bay',	'Fox Ward',	'Respiratory'),
('R-10',	'Bay',	'Fox Ward',	'Respiratory'),
('G-1',	'Bay',	'Apley Ward',	'Gastroentrology'),
('G-2',	'Bay',	'Apley Ward',	'Gastroentrology'),
('G-3',	'Bay',	'Apley Ward',	'Gastroentrology'),
('G-4',	'Bay',	'Apley Ward',	'Gastroentrology'),
('G-5',	'Bay',	'Apley Ward',	'Gastroentrology'),
('G-6',	'Bay',	'Apley Ward',	'Gastroentrology'),
('G-7',	'Bay',	'Apley Ward',	'Gastroentrology'),
('H-1',	'Bay',	'Samaritan Ward',	'Haematology'),
('H-2',	'Bay',	'Samaritan Ward',	'Haematology'),
('H-3',	'Cubicle',	'Samaritan Ward',	'Haematology'),
('H-4',	'Cubicle',	'Samaritan Ward',	'Haematology'),
('H-5',	'Bay',	'Samaritan Ward',	'Haematology'),
('H-6',	'Cubicle',	'Samaritan Ward',	'Haematology'),
('H-7',	'Bay',	'Samaritan Ward',	'Haematology'),
('C-1',	'Bay',	'Becket Ward',	'Cardiology'),
('C-2',	'Bay',	'Becket Ward',	'Cardiology'),
('C-3',	'Bay',	'Becket Ward',	'Cardiology'),
('C-4',	'Cubicle',	'Becket Ward',	'Cardiology'),
('C-5',	'Cubicle',	'Becket Ward',	'Cardiology'),
('D-1',	'Bay',	'Page Ward',	'Dermatology'),
('D-2',	'Bay',	'Page Ward',	'Dermatology'),
('D-3',	'Bay',	'Page Ward',	'Dermatology'),
('D-4',	'Bay',	'Page Ward',	'Dermatology'),
('D-5',	'Bay',	'Page Ward',	'Dermatology'),
('D-6',	'Bay',	'Page Ward',	'Dermatology'),
('D-7',	'Cubicle',	'Page Ward',	'Dermatology'),
('D-8',	'Bay',	'Page Ward',	'Dermatology'),
('D-9',	'Bay',	'Page Ward',	'Dermatology'),
('D-10',	'Cubicle',	'Page Ward',	'Dermatology'),
('D-11',	'Bay',	'Page Ward',	'Dermatology'),
('D-12',	'Bay',	'Page Ward',	'Dermatology');

-- Inserting data into INPATIENTS table
INSERT INTO 
INPATIENT (patient_name, patient_id, gender, address, bed_no, admission_date, discharge_date, lab_no, doctor_id, nurse_id, disease)
VALUES
('Leo Higgins',	123,	'M',	'30 DoughtyStreet, Stamford',	'R-1',	'2022-06-18',	'2022-06-21',	01,	1264,	334,	'COPD'),
('Zak Pearson',	124,	'M',	'27 BakewellClose, Northampton',	'C-1',	'2022-06-21',	NULL,	02,	7463,	335,	'Acute coronary syndrome'),
('Corey Weston',	125,	'M',	'11 CanberraGardens, WestBridgford',	'G-1',	'2022-06-18',	'2022-06-20',	03,	4633,	336,	'Celiac disease'),
('Muhsin Aswad',	126,	'M',	'11 ChelwoodRoad, Cambridge',	'H-1',	'2022-06-17',	'2022-06-20',	04,	8548,	337,	'Sickle cell'),
('Eva Barnett',	127,	'F',	'22 TernGardens, Chatteris',	'R-2',	'2022-06-15',	'2022-06-21',	05,	7842,	338,	'Pneumonia'),
('Jade Shepherd',	128,	'F',	'32 AbingtonPark, GreatAbington',	'S-1',	'2022-06-20',	NULL,	06,	8574,	339,	'Appendectomy'),
('Poppy Curtis',	129,	'F',	'8 PadmoorLane, Upton',	'R-3',	'2022-06-16',	'2022-06-21',	07,	7038,	340,	'COPD'),
('Lucy Parkes',	130,	'F',	'8 PembrokeAvenue, Eynesbury',	'S-2',	'2022-06-10',	'2022-06-21',	08,	3664,	341,	'Esophageal Surgery'),
('Namir Kanaan',	131,	'M',	'2 AllenRoad, Northampton',	'R-4',	'2022-06-15',	'2022-06-19',	09,	1264,	342,	'Emphysema'),
('Jordan Rogers',	132,	'M',	'32 PodmoreWay, Broughton',	'S-3',	'2022-06-17',	'2022-06-20',	10,	7247,	343,	'Cholecystectomy'),
('Jacob Lawson',	133,	'M',	'7 PeregrineRoad, Hucknall',	'G-2',	'2022-06-20',	'2022-06-21',	11,	9486,	345,	'Chron disease'),
('Dominic Manning',	134,	'M',	'2 KilvingtonHouse, Kilvington',	'H-2',	'2022-06-17',	NULL,	12,	8548,	346,	'Sickle cell'),
('Finley George',	135,	'M',	'16 BlakeRoad, Corby',	'D-1',	'2022-06-16',	'2022-06-19',	13,	4326,	347,	'Psoriasis'),
('Noah Butler',	136,	'M',	'14 PrimroseAvenue, Farndon',	'R-5',	'2022-06-13',	'2022-06-20',	14,	6204,	348,	'Pneumonia'),
('Maddison Franklin',	137,	'F',	'27 WillowBarn, Caldecote',	'D-2',	'2022-06-12',	'2022-06-21',	15,	6643,	349,	'Severe Eczema'),
('Samantha Nash',	138,	'F',	'24 HopeStreet, Beeston',	'S-4',	'2022-06-13',	'2022-06-16',	16,	9968,	350,	'Cholecystectomy'),
('Freya Connor',	139,	'F',	'20 LinleyClose, Collingham',	'G-3',	'2022-06-12',	'2022-06-16',	17,	4633,	351,	'Celiac disease'),
('Sophia Knight',	140,	'F',	'29 RylandGardens, Welton',	'D-3',	'2022-06-19',	'2022-06-21',	18,	4326,	352,	'Cellulitis'),
('Muna Safar',	141,	'F',	'27 WashingtonDrive, Stapleford',	'R-6',	'2022-06-17',	NULL,	19,	6204,	353,	'COPD'),
('Shimah Antar',	142,	'F',	'7 BreachLane, Wilburton',	'D-4',	'2022-06-15',	'2022-06-18',	20,	4326,	354,	'Psoriasis'),
('Felicien Moquin',	143,	'F',	'3 RoseGrove, Keyworth',	'D-5',	'2022-06-13',	'2022-06-17',	21,	4326,	355,	'Psoriasis'),
('Nanna Larocque',	144,	'F',	'20 MossDrive, Bramcote',	'S-5',	'2022-06-21',	'2022-06-21',	22,	8837,	350,	'Tonsillectomy'),
('Clarice Marcil',	145,	'F',	'16 LeasAvenue, Pleasley',	'C-2',	'2022-06-16',	'2022-06-20',	23,	5376,	335,	'Acute coronary syndrome'),
('Orlene Poissonnier',	146,	'F',	'30 OldPostOffice, Twywel',	'D-6',	'2022-06-21',	NULL,	24,	6643,	355,	'Severe Eczema'),
('Gabriele Koehler',	147,	'F',	'5 WatersideDrive, Grantham',	'H-3',	'2022-06-08',	'2022-06-15',	25,	1930,	346,	'Lymphoma'),
('Felix Kuhn',	148,	'M',	'26 AshfieldAvenue, Beeston',	'R-7',	'2022-06-15',	'2022-06-19',	26,	7038,	353,	'Emphysema'),
('Christian Huber',	149,	'M',	'12 DucksNest, Lutton',	'G-4',	'2022-06-20',	'2022-06-21',	27,	9486,	351,	'Chron disease'),
('Alicia Reilly',	150,	'F',	'3 TheGranary, OldHurst',	'S-6',	'2022-06-20',	'2022-06-20',	28,	8837,	343,	'Tonsillectomy'),
('Lexi Milne',	151,	'F',	'2 SalamanderClose, Carlton',	'C-3',	'2022-06-17',	'2022-06-20',	29,	5376,	356,	'Acute coronary syndrome'),
('Violet Gordon',	152,	'F',	'20 HallClose, Bourn',	'D-7',	'2022-06-18',	NULL,	30,	4005,	347,	'Severe skin infection'),
('Allan Scott',	153,	'M',	'29 CransleyStreet, Broughton',	'D-8',	'2022-06-15',	'2022-06-19',	31,	4005,	354,	'Cellulitis'),
('Kyle Bruce',	154,	'M',	'11 WoodhallClose, Mansfield',	'H-4',	'2022-06-12',	'2022-06-18',	32,	3526,	337,	'Lymphoma'),
('Jorja Fraser',	155,	'F',	'15 ParkersLane, Mansfield',	'R-8',	'2022-06-14',	'2022-06-19',	33,	7038,	340,	'Emphysema'),
('Orla Stevenson',	156,	'F',	'34 StewartWay, Annesley',	'S-7',	'2022-06-21',	'2022-06-21',	34,	8837,	341,	'Tonsillectomy'),
('Mathew Williamson',	157,	'M',	'29 ScargillClose, Newthorpe',	'G-5',	'2022-06-14',	'2022-06-18',	35,	9486,	351,	'Acute pancreatitis'),
('Albertino Angelo',	158,	'M',	'8 QueensSquare, Eastwood',	'R-9',	'2022-06-11',	'2022-06-17',	36,	7842,	342,	'Pneumonia'),
('Erick Araujo',	159,	'M',	'27 CooksClose, Ashton',	'D-9',	'2022-06-12',	'2022-06-18',	37,	6643,	349,	'Severe Eczema'),
('Daniel Sousa',	160,	'M',	'8 SwallowDrive, Bingham',	'H-5',	'2022-06-16',	'2022-06-19',	38,	1930,	346,	'Chronic anaemia'),
('Beatrice Barros',	161,	'F',	'15 CanonsAshbyRoad, Woodford',	'C-4',	'2022-06-12',	'2022-06-20',	39,	2636,	356,	'Stroke'),
('Niamh Field',	162,	'F',	'21 OrchardClose, Balsham',	'D-10',	'2022-06-18',	NULL,	40,	4005,	352,	'Severe skin infection'),
('Phoebe Kelly',	163,	'F',	'18 LangmereRoad, Rushall',	'D-11',	'2022-06-13',	'2022-06-18',	41,	6643,	355,	'Severe Eczema'),
('Louise Parker',	164,	'F',	'30 BirchwoodDrive, Ravenshead',	'D-12',	'2022-06-14',	'2022-06-19',	42,	4005,	354,	'Cellulitis'),
('Maisie Richardson',	165,	'F',	'20 TerringtonClose, Brackley',	'H-6',	'2022-06-12',	'2022-06-18',	43,	3526,	337,	'Mastoytosis'),
('Sarah Hill',	166,	'F',	'20 JerseyGardens, Mansfield',	'S-8',	'2022-06-12',	'2022-06-17',	44,	7247,	350,	'Cholecystectomy'),
('Laura Law',	167,	'F',	'23 PodmoreWay, Broughton',	'G-6',	'2022-06-13',	'2022-06-15',	45,	4633,	351,	'Acute pancreatitis'),
('Johan Lax',	168,	'M',	'30 SeatonCrescent, Corby',	'H-7',	'2022-06-13',	'2022-06-16',	46,	1930,	337,	'Chronic anaemia'),
('Toini Hakola',	169,	'M',	'30 ThornClose, Kettering',	'C-5',	'2022-06-16',	NULL,	47,	2636,	356,	'Stroke'),
('Kimmo Paarma',	170,	'M',	'19 WakeClose, Wellingborough',	'R-10',	'2022-06-17',	NULL,	48,	7842,	342,	'COPD'),
('Hanne Lange',	171,	'M',	'26 DoncasterRoad, Langold',	'G-7',	'2022-06-17',	'2022-06-21',	49,	9486,	336,	'Chron disease');


INSERT INTO 
APPOINTMENTS (appointment_id, appointment_type, appointment_date, appointment_time, appointment_duration, doctor_id)
VALUES
(1,	'Face to face',	'2022-06-30',	'13:30:00',	'1 hour',	7463),
(2,	'Face to face',	'2022-06-28',	'10:00:00',	'1 hour',	8548),
(3,	'Face to face',	'2022-06-29',	'12:00:00',	'30 mins',	1930),
(4,	'Telephone call',	'2022-06-28',	'14:00:00',	'1 hour',	6204),
(5,	'Telephone call',	'2022-06-30',	'12:00:00',	'1 hour',	7247),
(6,	'Face to face',	'2022-06-29',	'13:00:00',	'30-45 mins',	4005),
(7,	'Telephone call',	'2022-06-30',	'11:30:00',	'25 mins',	3664),
(8,	'Telephone call',	'2022-06-28',	'09:30:00',	'30 mins',	8548),
(9,	'Face to face',	'2022-06-30',	'11:00:00',	'1 hour',	9486),
(10,	'Face to face',	'2022-06-28',	'14:30:00',	'45 mins',	3526),
(11,	'Telephone call',	'2022-06-29',	'16:00:00',	'20 mins',	7038),
(12,	'Face to face',	'2022-06-29',	'10:30:00',	'20 mins',	6643),
(13,	'Face to face',	'2022-06-30',	'09:00:00',	'30 mins',	4005);

-- Inserting data into OUTPATIENTS table
INSERT INTO OUTPATIENTS(PATIENT_ID,APPOINTMENT_ID,LAB_NO)
VALUES('124','1','02'),
('134','2','12'),
('147','3','25'),
('141','4','19'),
('132','5','10'),
('152','6','30'),
('130','7','08'),
('126','8','04'),
('171','9','49'),
('165','10','43'),
('155','11','33'),
('146','12','24'),
('162','13','40');

ALTER TABLE BILL
DROP COLUMN PATIENT_TYPE,
DROP COLUMN ADVANCE;

INSERT INTO BILL(BILL_NO,PATIENT_ID,DOCTOR_CHARGE,MEDICINE_CHARGE,ROOM_CHARGE,OPERATION_CHARGE,NUMBER_OF_DAYS,NURSING_CHARGE,HEALTH_CARD,LAB_CHARGE,BILL)
VALUES('202201','123','70','30','90','50','3','65','LH123M','30','335'),
('202202','124','75','40','0','55','0','70','ZP124M','30','270'),
('202203','125','80','50','60','60','2','75','CW125M','30','355'),
('202204','126','85','30','90','50','3','65','MA126M','30','350'),
('202205','127','90','40','180','55','6','70','EB127F','30','465'),
('202206','128','70','50','0','60','0','75','JS128F','30','285'),
('202207','129','75','30','150','50','5','65','PC129F','30','400'),
('202208','130','80','40','330','55','11','70','LP130F','30','605'),
('202209','131','85','50','120','60','4','75','NK131M','30','420'),
('202210','132','90','30','90','50','3','65','JR132M','30','355'),
('202211','133','70','40','30','55','1','70','JL133M','30','295'),
('202212','134','75','50','0','60','0','75','DM134M','30','290'),
('202213','135','80','30','90','50','3','65','FG135M','30','345'),
('202214','136','85','40','210','55','7','70','NB136M','30','490'),
('202215','137','90','50','270','60','9','75','MF137F','30','575'),
('202216','138','70','30','90','50','3','65','SN138F','30','335'),
('202217','139','75','40','120','55','4','70','FC139F','30','390'),
('202218','140','80','50','60','60','2','75','SK140F','30','355'),
('202219','141','85','30','0','50','0','65','MS141F','30','260'),
('202220','142','90','40','90','55','3','70','SA142F','30','375'),
('202221','143','70','50','120','60','4','75','FM143F','30','405'),
('202222','144','75','30','0','50','0','65','NL144F','30','250'),
('202223','145','80','40','120','55','4','70','CM145F','30','395'),
('202224','146','85','50','0','60','0','75','OP146F','30','300'),
('202225','147','90','30','210','50','7','65','GK147F','30','475'),
('202226','148','70','40','120','55','4','70','FK148M','30','385'),
('202227','149','75','50','30','60','1','75','CH149M','30','320'),
('202228','150','80','30','0','50','0','65','AR150F','30','255'),
('202229','151','85','40','90','55','3','70','LM151F','30','370'),
('202230','152','90','50','0','60','0','75','VG152F','30','305'),
('202231','153','70','30','120','50','4','65','AS153M','30','365'),
('202232','154','75','40','180','55','6','70','KB154M','30','450'),
('202233','155','80','50','150','60','5','75','JF155F','30','445'),
('202234','156','85','30','0','50','0','65','OS156F','30','260'),
('202235','157','90','40','120','55','4','70','MW157M','30','405'),
('202236','158','70','50','180','60','6','75','AA158M','30','465'),
('202237','159','75','30','180','50','6','65','EA159M','30','430'),
('202238','160','80','40','90','55','3','70','DS160M','30','365'),
('202239','161','85','50','240','60','8','75','BB161F','30','540'),
('202240','162','90','30','0','50','0','65','NF162F','30','265'),
('202241','163','70','40','150','55','5','70','PK163F','30','415'),
('202242','164','75','50','150','60','5','75','LP164F','30','440'),
('202243','165','80','30','180','50','6','65','MR165F','30','435'),
('202244','166','85','40','150','55','5','70','SH166F','30','430'),
('202245','167','90','50','60','60','2','75','LL167F','30','365'),
('202246','168','70','30','90','50','3','65','JL168M','30','335'),
('202247','169','75','40','0','55','0','70','TH169M','30','270'),
('202248','170','80','50','0','60','0','75','KP170M','30','295'),
('202249','171','85','30','120','50','4','65','HL171M','30','380');

insert into LAB(LAB_NO,PATIENT_ID,WEIGHT,DOCTOR_ID,LAB_DATE)
VALUES
(01,123,65,1264,'2022-06-18'),
(02,124,66,7463,'2022-06-21'),
(03,125,66,4633,'2022-06-18'),
(04,126,64,8548,'2022-06-17'),
(05,127,67,7842,'2022-06-15'),
(06,128,68,8574,'2022-06-20'),
(07,129,69,7038,'2022-06-16'),
(08,130,78,3664,'2022-06-10'),
(09,131,67,1264,'2022-06-15'),
(10,132,89,7247,'2022-06-17'),
(11,133,97,9486,'2022-06-20'),
(12,134,97,8548,'2022-06-20'),
(13,135,99,4326,'2022-06-17'),
(14,136,68,6204,'2022-06-16'),
(15,137,69,6643,'2022-06-12'),
(16,138,73,9968,'2022-06-13'),
(17,139,74,4633,'2022-06-12'),
(18,140,76,4326,'2022-06-19'),
(19,141,79,6204,'2022-06-17'),
(20,142,80,4326,'2022-06-15'),
(21,143,81,4326,'2022-06-13'),
(22,144,86,8837,'2022-06-21'),
(23,145,87,5376,'2022-06-16'),
(24,146,85,6643,'2022-06-21'),
(25,147,97,1930,'2022-06-08'),
(26,148,94,7038,'2022-06-15'),
(27,149,67,9486,'2022-06-20'),
(28,150,73,8837,'2022-06-20'),
(29,151,76,5376,'2022-06-17'),
(30,152,66,4005,'2022-06-18'),
(31,153,87,4005,'2022-06-15'),
(32,154,78,3526,'2022-06-12'),
(33,155,56,7038,'2022-06-14'),
(34,156,67,8837,'2022-06-21'),
(35,157,68,9486,'2022-06-14'),
(36,158,97,7842,'2022-06-11'),
(37,159,48,6643,'2022-06-12'),
(38,160,65,1930,'2022-06-16'),
(39,161,76,2636,'2022-06-12'),
(40,162,89,4005,'2022-06-18'),
(41,163,45,6643,'2022-06-13'),
(42,164,65,4005,'2022-06-14'),
(43,165,59,3526,'2022-06-12'),
(44,166,68,7247,'2022-06-12'),
(45,167,56,4633,'2022-06-13'),
(46,168,68,1930,'2022-06-13'),
(47,169,98,2636,'2022-06-16'),
(48,170,78,7842,'2022-06-17'),
(49,171,56,9486,'2022-06-17');

